nombre,categoria,latitud,longitud
Lago Titicaca,Naturaleza,-15.836,-69.335
Islas de los Uros,Isla,-15.82,-69.963
Isla Taquile,Isla,-15.766,-69.683
Isla Amantaní,Isla,-15.666,-69.716
Cañón de Tinajani,Naturaleza,-14.935,-70.627
Frontera Bolivia-Perú (Solo Referencia),Mirador,-15.4573402,-69.3028101
Hostal Los Angeles,Hotel,-16.2137795,-69.4594446
Tourist Information Center,Mirador,-16.165538,-69.0879612
Munay Tambo,Hotel,-15.8385082,-70.0285149
Hotel Palla Khasa,Hotel,-16.0334832,-69.1557479
Hostal Cultural,Hotel,-15.9975146,-69.1832303
Posada del Inca Ecolodge,Hotel,-16.0369359,-69.1463768
Arco,Mirador,-16.1622896,-69.0875878
Hotel Perla del Lago,Hotel,-16.1645328,-69.0869079
Hotel Utama,Hotel,-16.1638358,-69.0886387
Hostal Las Kantutas,Hotel,-16.1646619,-69.0872107
Hostal Leyenda,Hotel,-16.1659599,-69.089612
Hostal 6 de Agosto,Hotel,-16.1654507,-69.088543
Hotel Mirador,Hotel,-16.1663108,-69.0895573
Centro de Información Turistica,Mirador,-16.1656042,-69.0879108
Hotel Chasqui del Sol,Hotel,-16.1676019,-69.089887
Hostal Colonial,Hotel,-16.1657549,-69.0882415
Hostal Los Andes,Hotel,-16.1663534,-69.0889267
Asiento del Inca,Sitio Arqueológico,-16.1676749,-69.0827802
Hostal Center,Hotel,-16.1656786,-69.087619
Hostel La Academia,Hotel,-16.1655528,-69.0872027
Hostal Pacha,Hotel,-16.1658913,-69.087498
Hotel Ambasador,Hotel,-16.164549,-69.0877343
Hostal Las Balsas,Hotel,-16.167881,-69.0883295
Hospedaria del Santuario,Hotel,-16.1661528,-69.086217
Residencial Sucre,Hotel,-16.1663971,-69.0850125
Taypicala Spa,Hotel,-15.8919215,-69.8878718
Taypicala Lago,Hotel,-15.8905819,-69.8870009
Museo Litico Pukara,Museo,-15.0425251,-70.3686339
WalkOnInn,Hotel,-15.8417589,-70.0311749
Mirador Sagrado Corazón de Jesús,Mirador,-16.1608541,-69.089338
Mirador El Calvario,Mirador,-16.1616403,-69.091364
Aldea Del Inca,Hotel,-16.1640662,-69.0889017
Museo de Oro de Challapampa,Museo,-15.9973662,-69.1830501
Concomani,Sitio Arqueológico,-16.3747222,-69.1461111
Santo Cristo,Sitio Arqueológico,-15.9541667,-70.0722222
Casa Andina Private Collection,Hotel,-15.8238833,-69.9971915
Islas Flotantes de los Uros,Mirador,-15.8163443,-69.9719069
GHL Lago Titicaca,Hotel,-15.8278406,-69.9930686
Ecolodge La Estancia,Hotel,-16.029111,-69.1498385
Casona Plaza,Hotel,-15.8403996,-70.0268532
La Cúpula,Hotel,-16.1635427,-69.0895538
Suma Samawi,Mirador,-16.1739495,-69.0942456
Sillustani Camping,Mirador,-15.724199,-70.1508594
Quechuas Backpackers Hostel,Hotel,-15.8376295,-70.0288861
Sillustani,Hotel,-15.8384083,-70.0288379
Lake Titicaca Hotel,Hotel,-15.8230064,-69.9952839
Sonia,Hotel,-16.1679677,-69.0853867
Museo Carlos Dreyer,Museo,-15.8407969,-70.0295443
Casa Panq'arani,Hotel,-15.8440609,-70.0241713
Las Cabanas,Hotel,-15.8924749,-69.8906099
Hostal Andenes,Hotel,-15.841872,-70.0290123
Pachamama,Sitio Arqueológico,-15.6726713,-69.7169042
Arco de Kasani,Mirador,-16.2255279,-69.0957186
iPerú,Mirador,-15.8401291,-70.0277012
Camino Real Turistico,Hotel,-15.836554,-70.0284571
Inka's Rest,Hotel,-15.8380428,-70.025219
Emperador,Hotel,-16.1678954,-69.085186
Casa Blanca,Hotel,-15.8758027,-69.9298394
Inca Tunuhuiri,Sitio Arqueológico,-15.8890173,-69.9313213
Brisas del Titicaca,Hotel,-16.1653623,-69.0899612
Hostal Florencia,Hotel,-16.1675076,-69.0858456
Pisada del Sol,Hotel,-15.9991929,-69.1827399
Las Islas,Hotel,-16.0366744,-69.147037
Tawri,Hotel,-16.0372325,-69.1476686
Las Nubes,Hotel,-16.0153777,-69.1806446
astursperu,Mirador,-15.6421265,-69.831048
Camp Titicaca,Mirador,-15.6376204,-69.814387
Inti Wasi,Hotel,-15.639718,-69.8118629
Mirador Q'eskapa,Mirador,-15.7219739,-69.7869512
Hostal San Carlos,Hotel,-15.8375108,-70.0257452
Qalasaya,Hotel,-15.8395983,-70.0281461
Zurit,Hotel,-15.8378378,-70.0268456
Monterrey,Hotel,-15.8394288,-70.0278785
Manuel Pino,Mirador,-15.8378166,-70.0280652
Sol Plaza,Hotel,-15.8406544,-70.0270892
Qoñi Wasi Hostal,Hotel,-15.836812,-70.0263865
Hostal Los Uros,Hotel,-15.8366558,-70.0270477
Mirador Puma Uta,Mirador,-15.8202693,-70.0287285
Jacha Inti,Hotel,-16.0397526,-69.1447611
Mirador del Titikaka,Hotel,-15.8101602,-70.0221694
Hostal El Manzano,Hotel,-15.8383798,-70.0214865
Treasure to the lake,Hotel,-16.1659628,-69.0889523
Refugio Ecologico Kalluchi,Hotel,-16.0435899,-69.1445084
Mirador de flamencos,Mirador,-15.7182227,-70.8367711
Hotel Casona Plaza Centro,Hotel,-15.8412414,-70.0273264
CIAC Regional Arqueológico,Museo,-16.1529688,-69.0692533
Baño del Inca,Sitio Arqueológico,-16.1530231,-69.0698127
Lake Hostal,Hotel,-15.8381103,-70.0312271
Pacha Confort,Hotel,-15.8253146,-70.0112268
Pacha hostel,Hotel,-15.8367841,-70.0285811
Isla Titino,Mirador,-15.7435088,-69.8792401
Puente Coata,Mirador,-15.5657193,-69.9563308
Frontera Bolivia-Peru (Solo Referencia),Mirador,-15.4583839,-69.2399135
Las Olas,Hotel,-16.163667,-69.0902305
Balsa Inn,Hotel,-15.8417717,-70.0283263
Inca,Mirador,-16.1912312,-69.0827157
Hotel Arequipa,Hotel,-15.837142,-70.0277954
Hotel Pacaypampa,Hotel,-15.4866151,-70.1242242
Hostal Milagros,Hotel,-15.4885126,-70.123541
America Inn,Hotel,-15.8393972,-70.0234849
Hostal Misky Ilare,Hotel,-15.8459407,-70.0198043
Hostal Wida,Hotel,-16.1662811,-69.088071
Totorani Inn,Hotel,-15.8328804,-70.0279836
Titi Qala Hostel,Hotel,-15.9966999,-69.1823042
COZY HOSTEL,Hotel,-15.8375262,-70.0254696
Huchuy Wasi,Hotel,-15.8346542,-70.0312633
Inca Uyu,Sitio Arqueológico,-15.8921587,-69.8886273
Cristo de Putina,Mirador,-14.9101491,-69.8712745
Hostal Shalea,Hotel,-14.9158027,-69.8676788
Hotel Posada del Puente Putina,Hotel,-14.915733,-69.8676118
Palacio del Inca,Hotel,-16.0390389,-69.1459523
Las Olas de Titicaca,Hotel,-16.1665997,-69.0881239
Hospedaje Paraíso,Hotel,-14.9157139,-69.8651809
Hospedaje Señor de Huanca,Hotel,-14.9151989,-69.8646226
Hostal Torre Dorada,Hotel,-14.9156132,-69.8656572
Casa de Mama Ruperta,Hotel,-15.6720269,-69.706845
Grisman,Hotel,-14.9146561,-69.8644137
Hospedaje Luna Brilliante,Hotel,-15.6952964,-70.6022701
Hostales Andes,Hotel,-15.6996603,-70.6074499
Hostal Mirador del Sol,Hotel,-15.995711,-69.181796
Santiago Giraldo,Mirador,-14.9148914,-69.8602914
La Cara de Cristo,Mirador,-15.1201539,-69.8165865
Hospidaje Municipal,Hotel,-16.1428684,-70.5403775
Posada Don Giorgio,Hotel,-15.8378397,-70.0292264
Inka Qamaña,Mirador,-16.258984,-69.1714339
Perú Kori,Hotel,-14.9160411,-69.8671094
Hotel Residencial Embajadores,Hotel,-15.4899683,-70.1304538
Flore Andina,Hotel,-16.1644925,-69.0866943
Pacha Suite,Hotel,-15.8410319,-70.026238
Posada Santa Barbara,Hotel,-15.8961275,-69.8893917
Hostal Americano,Hotel,-15.041243,-70.3664598
Museo Wawamarka,Museo,-15.8932831,-69.8884102
Hospedaje Miraflores,Hotel,-15.4858949,-70.1232141
Residencial Nelly,Hotel,-16.1661604,-69.08846
Ganado Bravo,Mirador,-14.8095965,-70.0239401
La Casa del Sol,Hotel,-16.1664302,-69.0839729
CECOVASA,Mirador,-15.5211674,-70.1203477
Refugio Ecológico Wiracocha,Hotel,-16.0013895,-69.1820876
Don Tito Inn II,Hotel,-15.8386734,-70.0276142
Arco Iris Hostal y Restaurant,Hotel,-16.036721,-69.1471324
Hospedaje Estrella,Hotel,-15.3659203,-70.3668498
Hospedaje San Andrés,Hotel,-16.2467891,-69.0946706
Las Cabañas Agua Dulce,Hotel,-16.0398429,-69.1445431
Hostal Andino,Hotel,-16.1657627,-69.086897
SR ANGEL DIAZ PARI - HOSPEDAJE & COMIDA,Hotel,-15.3641597,-70.3662477
Puma,Mirador,-16.2718986,-69.29009
Homestay Primo Flores,Hotel,-15.72431,-69.7844439
Cerro Carus,Mirador,-15.7208869,-69.7601001
Ecohostel Casa de la Sirena,Hotel,-15.9904747,-69.1936929
Casa de Eustaquio,Hotel,-15.7180403,-69.7962794
Alojamiento San Cristóbal,Hotel,-16.1657193,-69.0867298
Hostal Piedra Andina,Hotel,-16.1725045,-69.0892499
Hostal Kumri,Hotel,-15.9972864,-69.1842789
Casa Benedicto Laquise Quisbe,Hotel,-15.6535361,-69.7186647
Lindsay,Hotel,-15.4758128,-70.1146752
Puerta de Aramu Muru,Mirador,-16.1707193,-69.5410622
Hostal Brisas del Titicaca,Hotel,-16.2130164,-69.4584676
Maya Inn,Hotel,-15.8376323,-70.0201825
Duque Inn,Hotel,-15.8439734,-70.029351
Code de Lemos,Hotel,-15.8414787,-70.0293218
Hostal Intikala,Hotel,-16.166865,-69.0846752
Mirador Vista a Copacabana,Mirador,-16.1615309,-69.062937
Hostal Joshua,Hotel,-16.1698354,-69.0903693
Museo del Poncho,Museo,-16.1649205,-69.0901882
casa de felix,Hotel,-15.7288493,-69.7693575
Hostal Elida,Hotel,-16.1659584,-69.0847881
Hosteria Las Islas,Hotel,-16.0367324,-69.146926
Alojamiento Kotha Kahuaña,Hotel,-16.1661641,-69.0886201
Hostel Homecenter Puno,Hotel,-15.8396383,-70.027156
Museo de la Coca & Costumbres,Museo,-15.8418816,-70.0292561
Fundo Chincheros,Mirador,-15.78634,-70.0285075
Bus a La Paz,Mirador,-16.1654459,-69.0879248
Crucero alto,Mirador,-15.7190246,-70.816636
Ancla Blanca,Mirador,-16.1653409,-69.0905289
Natalio,Hotel,-15.7249508,-69.7852441
playa blanca,Mirador,-16.1320436,-69.0892856
Iguana hostel,Hotel,-15.837587,-70.0293895
Zepita,Hotel,-16.495589,-69.1033967
Bonny Hostel,Hotel,-15.8407821,-70.0259094
Utama,Hotel,-16.0359488,-69.1484884
Legui's,Hotel,-16.164611,-69.0856176
Oficina Tourismo,Mirador,-15.8947267,-69.8895468
"Mallki k'ari, Kalacampana",Mirador,-15.8954881,-69.8872878
Robyn,Hotel,-16.16797,-69.0883846
Hospedaje Santa Rosa,Hotel,-15.8371234,-70.0253312
Hospedaje Don Tito Inn,Hotel,-15.8370265,-70.025079
Puñuy Wasi Inn,Hotel,-15.8387719,-70.0261601
Hostal Vylena,Hotel,-15.8417377,-70.0278247
Hostel Tayka,Hotel,-15.8418454,-70.0277878
Gran Puno Inn,Hotel,-15.8369507,-70.0280224
Hotel Margarita,Hotel,-15.8369978,-70.0293027
Royal Inn Hotel,Hotel,-15.8412886,-70.028121
Hospedaje Titikaka Sumag Wasy,Hotel,-15.8384562,-70.0299631
Hotel Italia,Hotel,-15.8345366,-70.0302929
Hospedaje Rosal Inn,Hotel,-15.8469104,-70.0159374
Hospedaje Americas,Hotel,-15.8471193,-70.0157654
Hacienda Hotel Plaza de Armas,Hotel,-15.8408816,-70.0276772
Marlon's House Puno,Hotel,-15.8352263,-70.028926
Hostal Puerto Alegre,Hotel,-16.1671138,-69.0865676
Bothy hostel puno,Hotel,-15.8366669,-70.0301547
Hostal Elenita,Hotel,-16.1646489,-69.090572
Puerta del Sol,Hotel,-16.0370328,-69.1498298
Manco Capac,Mirador,-15.8408523,-70.0315259
Hospedaje El Chavito,Hotel,-14.6082271,-70.7892238
Hostal Rosa,Hotel,-14.6087603,-70.7868551
Mirador del Inca,Mirador,-16.1340461,-69.0883874
Hostal Virgen del Carmen,Hotel,-15.0398955,-70.3671199
Hospedaje La Arequipeña,Hotel,-15.0418651,-70.3664055
Hostal Angelica,Hotel,-15.0414044,-70.3678414
Hostal Samary Wasi,Hotel,-15.041093,-70.3655202
Hostal Casa Suite,Hotel,-15.4899336,-70.1356352
Hotel Mayas Inn,Hotel,-15.4901396,-70.135815
Hotel Maoba,Hotel,-15.4912585,-70.1349127
Hotel San Martin Inn,Hotel,-15.4947426,-70.1318322
Hotel San Roman,Hotel,-15.4912722,-70.1325604
Hospedaje Residencial Juliaca,Hotel,-15.4894245,-70.1340192
Hospedaje Santa Lucia,Hotel,-15.4920386,-70.1347011
Hotel Riveros,Hotel,-15.491137,-70.132686
Hostal Ameron,Hotel,-15.4947214,-70.1317266
Hostal Suma'Kusi,Hotel,-15.4899882,-70.1349357
Hostal Laguna Azul,Hotel,-15.4893577,-70.1351264
La Virgen de Urkupiña,Mirador,-16.1445677,-69.0762216
Hospedaje Sueños,Hotel,-15.844132,-70.0177821
Hospedaje Dulce Amanecer,Hotel,-15.8443524,-70.0176654
Hospedaje Collasuyo,Hotel,-16.0856454,-69.6391132
Hospedaje Condori,Hotel,-16.0864208,-69.6388716
Hospedaje Jerusalen,Hotel,-16.0856897,-69.6390304
Hospedaje Don Nico,Hotel,-16.0860297,-69.6391079
Hostal Bolognesi,Hotel,-16.085523,-69.6394238
Hostal Montoya,Hotel,-16.0845744,-69.6387697
Hostal Katy,Hotel,-16.0854013,-69.6390036
Hospedaje Fora Hermanos,Hotel,-16.0841864,-69.6375707
Hostal San Bartolomé,Hotel,-16.2137874,-69.4596459
Hospedaje Sumac Pacha Wasi - Taquile,Hotel,-15.765813,-69.6859213
Hotel Nesther,Hotel,-15.8403362,-70.0267049
Hostal Jallalla,Hotel,-16.0351813,-69.1511086
Lago Titicaca - Juli,Mirador,-16.202879,-69.4636388
Hostal Wara,Hotel,-16.1653397,-69.0896479
Hospedaje Geminis,Hotel,-14.6089167,-70.7872767
Hostal Solspicio,Hotel,-16.1685235,-69.0845845
hospedaje,Hotel,-15.2005869,-69.7652997
El Presidente,Hotel,-15.4864398,-70.1244914
Turín,Hotel,-15.4871229,-70.1428091
Ensueño,Hotel,-15.2043506,-69.7618197
Hostel del sol,Hotel,-16.0344166,-69.1511313
Inti Wasi Lodge,Hotel,-16.0361834,-69.1473373
Puno Hotel,Hotel,-15.8415338,-70.0221294
Pachataka,Mirador,-16.171429,-69.0848665
Cerro Pucara (Mirador Turístico de Sampaya),Mirador,-16.0869895,-69.0939679
Inti Wayra,Hotel,-16.0376903,-69.1474082
Hostal La Luna,Hotel,-16.1660288,-69.0840602
Francisco Bolognesi,Mirador,-15.4963124,-70.1314545
Monumento al Campesino,Mirador,-15.4954518,-70.13238
Tupac Amaru,Mirador,-15.4892656,-70.1255107
Boca del Sapo,Mirador,-16.1606115,-69.0937764
Ecolodge Puma Punku,Hotel,-16.0516492,-69.142088
Hostal Templo del Sol,Hotel,-16.0358995,-69.1505041
Hostal Wara Uta,Hotel,-16.0365747,-69.149461
Hostal Puerto Yumani,Hotel,-16.0397603,-69.1442631
Hostal Flores del Lago,Hotel,-16.163928,-69.0912767
Flor de mi Tierra,Hotel,-16.1728705,-69.0906599
Hostal Virgen de Las Nieves I y II,Hotel,-15.8381909,-70.0203451
Uros Amtawi Uta,Hotel,-15.8191307,-69.9691448
Uros Balsero,Hotel,-15.8194077,-69.9689336
Mamá,Mirador,-15.485587,-70.102023
Titiqaqa Lodge,Hotel,-15.8164285,-69.9720582
Montículo de piedras,Mirador,-16.0466477,-69.1466819
Hotel Hacienda Puno,Hotel,-15.8399496,-70.0269188
Hostel Arco Iris,Hotel,-16.1657804,-69.086614
Mirador Roof Top,Mirador,-15.0426442,-70.3690302
Hospedaje del municipio,Hotel,-16.273525,-69.2926524
Ecolodge camping hostel Queque norte,Mirador,-14.5808524,-70.8695102
Monumento Andino,Mirador,-15.4913729,-70.1441314
Hostal Inka Terra,Hotel,-16.0361388,-69.1502918
Yuraq Wasi,Hotel,-15.4907826,-70.1219862
Ayma Hostel Puno,Hotel,-15.8381767,-70.0283858
Hostel Mara,Hotel,-15.8409476,-70.0262354
Nak hoteles,Hotel,-15.8456623,-70.0238185
Quechuas Inka Palace,Hotel,-15.83477,-70.0290779
Hospedaje Munay Rosas,Hotel,-15.726776,-69.7641662
El Centro,Hotel,-15.4939696,-70.1320039
Tumi,Hotel,-15.4879378,-70.1230173
Casa de Papá Raúl,Hotel,-15.6717469,-69.7086148
Kusi,Hotel,-16.1673648,-69.0901188
Mireva,Hotel,-15.4879773,-70.1270207
Casa de Henry y Marilus,Hotel,-15.6621333,-69.7240773
Hospedaje Casa San Valentin,Hotel,-15.7250634,-69.7894661
Casa Luis,Hotel,-15.6615054,-69.7243447
Pukara house,Hotel,-15.8416173,-70.0266919
Kantaya Hostel,Hotel,-15.8375813,-70.0293396
El Toro,Mirador,-15.0431227,-70.3657997
Munay Tika Wasi (Rufino y Lucrecia),Hotel,-15.7275499,-69.7696744
Hotel Moho,Hotel,-15.3606674,-69.5002476
Los Angeles,Hotel,-15.4415103,-69.929385
University free camp,Mirador,-14.7903455,-70.7271008
5 Noviembre,Hotel,-15.5333982,-69.251263
Chuñuña restaurant Hospedaje,Hotel,-15.7585615,-69.0647927
Alojamiento,Hotel,-15.53339,-69.2511368
Hotel - Restaurant La Chununa,Hotel,-15.7586456,-69.0647441
En honor a los ciudadanos de totorani,Mirador,-15.8215494,-70.0514382
The Real House,Hotel,-15.8334693,-70.0278395
Pelagia y niños familia,Hotel,-15.7260337,-69.7829785
Hostal Luz Yhobimar,Hotel,-16.1663281,-69.0876753
Totoro Casa Hotel,Hotel,-16.1629389,-69.086533
corire,Mirador,-16.1855833,-70.533653
Samarina Wuasy,Hotel,-15.7250127,-69.7796684
Patapatani,Mirador,-16.0890862,-69.1228754
Teodocia Turpo Cahi,Hotel,-15.7252038,-69.7870421
Yavari,Museo,-15.8234284,-70.0054119
Cristo Blanco,Mirador,-15.5018271,-70.1393804
Hostal Bolivar,Hotel,-15.6946411,-70.6042237
Arco Wasi - Hospedaje,Hotel,-15.6658466,-69.7248505
Río Huaycho,Mirador,-15.6421997,-69.1575246
"Hospedaje de Kallawaya, Aurelio",Hotel,-15.1758792,-69.0222167
Portenita,Hotel,-16.1649659,-69.0862483
Mirador de Huancané,Mirador,-15.1980242,-69.7569942
kasa kultural sol y luna,Hotel,-16.1797106,-69.1039221
Hostal Luna Inn,Hotel,-14.8812017,-70.5910125
Hospedaje casa simion,Hotel,-15.7246221,-69.7895418
La casa de Pedro,Hotel,-15.7270537,-69.7787273
Casa de Delfin,Hotel,-15.7706359,-69.6808487
Ciudad Perdida,Mirador,-15.960163,-69.2185143
Casa Andina Standard,Hotel,-15.8362198,-70.0286756
General Camacho,Mirador,-15.533112,-69.2524764
Sol del Titicaca House,Hotel,-15.8398828,-70.0309429
Puno Agradable,Hotel,-15.8442917,-70.0275882
Amaru Marka Lodge,Mirador,-15.8089133,-69.9716508
Titikaka Adventure,Mirador,-15.8363911,-70.0178557
Camping libre,Mirador,-16.0380945,-69.1488452
Casa de Ruben y Veronica,Hotel,-15.6575645,-69.7196712
Punta de Vista,Mirador,-15.1417711,-69.044019
Chaska Wasi,Hotel,-15.6576704,-69.720019
Willka Punku (Puerta del Sol),Hotel,-16.0366964,-69.14996
Hostel Algas del Lago Titicaca,Hotel,-16.1677433,-69.0880295
All ways travel,Mirador,-15.8404858,-70.0287559
Hotel Orillas Del Titicaca,Hotel,-15.8410655,-70.0179997
Hospedaje La Costanera,Hotel,-15.8422787,-70.0178592
Casa Aymara,Hotel,-15.8467428,-70.0252217
Casa Inka Puno,Hotel,-15.8465838,-70.0256136
Cochawasi Inn,Hotel,-15.8484373,-70.0268345
Hospedaje Terminal,Hotel,-15.8443802,-70.0180984
Hospedaje Wasichay,Hotel,-15.8436717,-70.0178769
Hotel Ayllu Inn,Hotel,-15.8476106,-70.0205871
Brisas Hostal,Hotel,-15.840975,-70.0261398
Hostal Isla del Sol,Hotel,-16.0376863,-69.1463777
Cecilia - Santa Rosa,Mirador,-15.6594389,-69.7186992
Coya,Mirador,-15.8245854,-70.0022543
Inca hostel,Hotel,-15.5251303,-70.1195831
Garden In Hostal,Hotel,-16.1662147,-69.0864817
Pucaras Archeological Site,Mirador,-16.0613169,-69.1265784
Ururi Stat Puno,Hotel,-15.8383749,-70.0281763
Yordy private tour,Mirador,-15.8165969,-69.9910409
Casa de Oliver y Sebastiana,Hotel,-15.7277313,-69.7785152
Casa Salacancha,Hotel,-15.76477,-69.6814577
Hospedaje El Viajero,Hotel,-15.8453022,-70.0182585
Hostal Samary,Hotel,-14.8810172,-70.5912273
Hotel Lumonsa,Hotel,-14.881177,-70.5904719
Hostal San Francisco,Hotel,-15.4824332,-70.1369444
Hospedaje Lampayuni,Hotel,-15.6539731,-69.7157733
Hospedaje Cielo Andino,Hotel,-15.8394342,-70.0275395
Casa Magno,Hotel,-15.7247439,-69.7914541
Hospedaje municipal,Hotel,-16.4955827,-69.1032403
Perú Lodge,Hotel,-15.8382051,-70.0257349
Hospedaje Umajalsu,Hotel,-15.8955646,-69.8895034
Calvario,Mirador,-16.1616217,-69.0913513
Casa de Alejandra y Gregorio,Hotel,-15.724497,-69.786582
Ecohostel Inka Pacha,Hotel,-16.0373256,-69.1469013
Manco Kapac,Hotel,-16.1638915,-69.0871193
"Hostal ""Vista a Titicaca""",Hotel,-16.1636155,-69.0893795
Javier,Mirador,-15.5258563,-70.1140811
vista al lago,Hotel,-15.8372274,-70.0197068
Kely,Hotel,-15.4782805,-70.1190369
Hostal Salome,Hotel,-16.1653129,-69.0831842
I Estación,Mirador,-16.1622339,-69.087641
I Dolor,Mirador,-16.1616683,-69.0906938
II Dolor,Mirador,-16.1616683,-69.0907511
III Dolor,Mirador,-16.1616683,-69.0908028
IV Dolor,Mirador,-16.1616666,-69.0908527
V Dolor,Mirador,-16.1616683,-69.090897
VI Dolor,Mirador,-16.1616666,-69.0909414
VII Dolor,Mirador,-16.161663,-69.090982
Virgen,Mirador,-16.1616524,-69.091091
II Estación,Mirador,-16.1622463,-69.0878368
III Estación,Mirador,-16.1619734,-69.0881771
IV Estación,Mirador,-16.1618684,-69.0885278
Sagrado Corazón de Jesús,Mirador,-16.1607837,-69.0891935
Musqooi Wasi Lodge,Hotel,-15.6577546,-69.7211475
Casa de Theodosa y Alejandra,Hotel,-15.7243849,-69.7870436
Hostal Luis,Hotel,-16.1684848,-69.0877585
Hostal Luis ubicación incorrecta - wrong place,Hotel,-16.165727,-69.0862243
Embarcadero de Pilcu,Mirador,-16.0485979,-69.1436615
Qocha Machu - Qocha Paya,Mirador,-15.7443531,-70.0549118
Tía Boni,Mirador,-15.4792492,-70.1054428
Yanacancha,Mirador,-15.890341,-70.1954445
Rocas Viejas,Mirador,-15.8539533,-69.9733764
Micky Punuy,Hotel,-14.771538,-70.9032651
Parque Cumonal Cocosani,Mirador,-15.9711383,-69.6577783
Puno Victoria Suites,Hotel,-15.8454738,-70.0225442
Puma Hostel Puno,Hotel,-15.8406683,-70.0255667
Qelqatani,Hotel,-15.8387502,-70.0288685
Hospedaje Mi Segundo Hogar Inn,Hotel,-15.8468436,-70.0160131
Gildo,Hotel,-15.8208631,-70.0264475
Hospedaje Santa Maria,Hotel,-14.6088619,-70.7874408
Hostal Cayme,Hotel,-14.6088988,-70.7866348
Uros Suma Jakana Lodge,Hotel,-15.8270335,-69.9697225
Putina,Mirador,-14.9155581,-69.8640637
Plaza Mayor Hotel,Hotel,-15.8399887,-70.0274415
Playa Del Inca,Hotel,-16.0121688,-69.1726092
View Of The Bay,Hotel,-15.999918,-69.1826869
Illampo,Hotel,-16.0361089,-69.1477544
Hostal Phaxsi,Hotel,-16.0396952,-69.1444581
Jardin del Inca,Hotel,-16.0393718,-69.1457771
Mirador El Inca,Hotel,-16.0395761,-69.1450289
Casa de Rubén,Hotel,-15.7273836,-69.7681261
Uros Maya Lodge,Hotel,-15.8256879,-69.9702515
Santo campo ecolodge,Hotel,-16.0426787,-69.1448893
Paraíso del Lago,Hotel,-16.1661429,-69.0887938
San Antonio de Abad,Hotel,-15.4884755,-70.1255056
Hospedaje Alba,Hotel,-15.4842705,-70.1378336
Museo de Cerámica,Museo,-15.0427285,-70.3694207
Sumaq Hillary Casa de Antonia y Luis,Hotel,-15.7273954,-69.7679614
Hotel Valparaíso,Hotel,-16.2476353,-69.0966412
Hostal Amazonas,Hotel,-16.2448352,-69.093347
Utasa Inn,Hotel,-15.8366709,-70.0296928
Casa de Rosa & Julian,Hotel,-15.6608047,-69.724397
Arco Deustua,Mirador,-15.8345758,-70.0289894
Titicaca Experiences,Mirador,-15.8446985,-70.0272511
Hostal Viza,Hotel,-14.9069771,-70.1953837
Hostal Las Gemelas,Hotel,-14.9071185,-70.1956364
Hotel Princess Jairito,Hotel,-14.9073129,-70.195741
Hostal Daynerys,Hotel,-14.9074458,-70.1959663
Hotel San Francisco,Hotel,-14.8809951,-70.5893014
Isla Suasi Hotel,Hotel,-15.451983,-69.4736148
Ccollpa Wasy,Hotel,-15.7212456,-69.7945037
Ecolodge Descanso,Hotel,-16.0424902,-69.1448917
La Capilla,Hotel,-14.8857413,-70.5925206
Centro cultural San Juan Pablo II,Museo,-14.8841533,-70.5909308
Hotel Inka Valley,Hotel,-15.9833921,-70.5038607
Olimpo Inn,Hotel,-15.8465352,-70.0225144
Casa de Libia,Hotel,-15.6546937,-69.7172581
Koala hostel,Hotel,-15.83753,-70.0292944
Mirador La Serpiente,Mirador,-16.227808,-69.0907825
Mada Guest House,Hotel,-15.8465576,-70.0224263
hostal and una joya,Hotel,-15.8397277,-70.0220402
Hotel Imperial,Hotel,-15.4960232,-70.1339045
Taquile,Hotel,-15.7771665,-69.6824159
Hotel Gloria,Hotel,-16.1669792,-69.0887816
Hotel Ambar,Hotel,-16.1689269,-69.0888003
Mirador de Ventilla,Mirador,-15.8466945,-70.0459501
Titikaka Iquiña Lodge,Hotel,-15.8046387,-69.9708641
Las Huellas del Sol,Sitio Arqueológico,-15.9907707,-69.1991797
Acampamento (No Oficial),Mirador,-14.9317482,-69.0332219
Kuntur Inn,Hotel,-15.8435837,-70.0275491
MIrador Pomata,Mirador,-16.2551169,-69.3020497
Nandos,Hotel,-15.4893732,-70.119438
Hostal Estrella Del Lago,Hotel,-16.1641223,-69.0903352
Hostal Roma,Hotel,-16.2135642,-69.4567372
Minibus a La Paz,Mirador,-16.1654982,-69.0878708
AlojamientoSan José,Hotel,-16.1645228,-69.0878667
Hostal Virgen de Chapi,Hotel,-15.8386218,-70.0177767
Frontera Peru Bolivia (Solo Referencia),Mirador,-14.8094229,-69.3543224
Hospedaje Cochera,Hotel,-15.6420634,-70.3493577
Hospedaje El Tropezon,Hotel,-15.3633207,-70.3656264
Hospedaje Cabanillas,Hotel,-15.6440272,-70.3509799
Hospedaje Cabanilla,Hotel,-15.6202975,-70.3479165
Casa Romero Lampa,Hotel,-15.3650868,-70.3655903
Hotel Wasi Andenes,Hotel,-15.3679112,-70.3644014
Hostal,Hotel,-15.6199271,-70.3461547
Réplica de la Piedad de Miguel Ángel,Mirador,-15.3645842,-70.3678648
Catacumbas,Mirador,-15.365068,-70.3666122
Hotel Fe en Cristo,Hotel,-15.3656155,-70.3657993
Museo y Biblioteca Municipal,Museo,-15.3645868,-70.3677961
Museo Parroquial,Museo,-15.3645611,-70.3670796
Capilla de la Piedad y Osario,Mirador,-15.3650609,-70.3669869
Hostal Palmeras,Hotel,-14.8812586,-70.590844
Hospedaje Buen Amanecer,Hotel,-14.8834804,-70.5857725
Hotel Gemely,Hotel,-14.8819848,-70.5895764
Hostal Pradera,Hotel,-14.8824789,-70.5891478
Hostal Copacabana,Hotel,-14.8811742,-70.5906643
Hotel Refugios,Hotel,-15.4858132,-70.159143
Cruz,Mirador,-14.8810079,-70.5813949
Hostal Mirador Korichaska,Hotel,-15.8523735,-70.0261626
Hotel Luna Palace,Hotel,-15.4824996,-70.1331085
Hotel Suites Juliaca,Hotel,-15.4859069,-70.1470721
Hostal Real Divina,Hotel,-15.4868657,-70.1334436
Hotel JJ Korisuyo Inn,Hotel,-15.4874772,-70.1434738
Hostal Oscar Inn,Hotel,-15.8424365,-70.0276913
Hostal Residencial Imperio,Hotel,-16.1661402,-69.0858912
Hostal Cali 2,Hotel,-16.1660875,-69.0858831
Hostal Raices,Hotel,-16.1661389,-69.0859294
Hostal Mirador Korichasca,Hotel,-15.8524836,-70.0261856
Hostal Milagros Inn,Hotel,-15.8424189,-70.027853
Hostal Amanecer,Hotel,-16.0377977,-69.146226
Museo Marina de Guerra,Museo,-15.8382793,-70.0222511
Urpi Wasi Backpackers,Hotel,-15.8426253,-70.0298963
HOTEL TURISTICO HANAN PACHA,Hotel,-15.8256543,-70.0105713
Complejo Arqueológico de Sillustani,Mirador,-15.7205732,-70.1581395
Chullpa Qaracachi – Qaracachi Chullpa,Mirador,-15.7201566,-70.1563854
Intiwatana,Mirador,-15.7208104,-70.1569051
Huancasaya,Mirador,-15.7211335,-70.1572477
Complejo Arquelógico de Sillustani – Sillustani Archaeological Complex,Mirador,-15.7235104,-70.1549564
Bienvenido a Sillustani – Welcome to Sillustani,Mirador,-15.7235133,-70.1548371
Chullpa de Plano de Planta Circular – Chullpa of Circular Plane of Plant Collao,Mirador,-15.720642,-70.1573768
Chullpa Qaracachi CH-01 – Qaracachi Chullpa CH-01,Mirador,-15.7194627,-70.1555914
Chullpa Qaracachi CH-04 – Qaracachi Chullpa CH-04,Mirador,-15.7197914,-70.1557359
Fauna,Mirador,-15.7208793,-70.1590491
Hatun Ayawasi Pampa,Mirador,-15.7230102,-70.1574033
Complejo Arquelógico de Sillustani,Mirador,-15.7231522,-70.1560675
Oro de Sillustani – Gold Sillustani,Mirador,-15.7227662,-70.1566932
Chullpa Lagarto CH-96 – Lizard Chullpa CH-96,Mirador,-15.7225545,-70.1568809
Chullpa,Mirador,-15.7223124,-70.1573322
Hallazgo del Tesoro de Sillustani – Find Sillustani Treasury,Mirador,-15.7224025,-70.1571652
Chullpa Ayawasi Aceruyoc Amaru “Serpiente” – Ayawasi Aceruyoc Amaru Chullpa “Snake”,Mirador,-15.7236511,-70.1565071
Enterramiento de Ofrendas – Burial of Offerings,Mirador,-15.7237936,-70.1565986
Chullpa Hatunwasi “Chambilla” CH-78 – Hatunwasi Chullpa “Chambilla” CH-78,Mirador,-15.7234572,-70.1576065
Chullpa Hatunwasi “Chambilla” – Hatunwasi Chullpa “Chambilla”,Mirador,-15.723426,-70.1580245
Chullpa Inca con Rampa CH-65 – Inca Chullpa with Ramp CH-65,Mirador,-15.7228553,-70.1581275
Panorama Etnico del Altiplano Meridional – Ethnic View Southern Highlands,Mirador,-15.72184,-70.1594324
Miguel Grau,Mirador,-15.835526,-70.0152656
Colonial Plaza Hotel,Hotel,-15.8411412,-70.0284454
Casa de Rocio,Hotel,-15.6927058,-69.7878983
Casa de Venancio,Hotel,-15.6971043,-69.7813034
Hostal Wiphala,Hotel,-15.9924467,-69.1912205
Ecolodge Inti Wata,Hotel,-15.9936361,-69.1894254
Hostal Margarita,Hotel,-15.9976952,-69.184533
Mosoq,Hotel,-15.8426127,-70.0250147
Kaypi Rosas y Wilber Wasi Amantani,Hotel,-15.6688901,-69.7045833
Hostal Sol y Lago,Hotel,-16.1735137,-69.091233
Qhana Pacha,Hotel,-16.0390582,-69.0703093
Macari Capital Hìpica de la Región Puno,Mirador,-14.7715554,-70.9028417
Hotel Tikas,Hotel,-14.9088219,-70.1978558
Hostal Virginie de l'as nieves,Hotel,-15.8393053,-70.0252875
Hostal Aka Pacha,Hotel,-15.9972407,-69.1843597
Puya Raimondii,Mirador,-15.1005359,-70.6278205
Hostal - Hs Merced,Hotel,-15.4836978,-70.1388479
Intiqa Hotel,Hotel,-15.8381166,-70.0291574
Mia Posada,Hotel,-16.1662184,-69.0850357
Puma umana (top of the hill),Mirador,-16.1680487,-69.5439937
V Estación,Mirador,-16.1613787,-69.0887188
VI Estación,Mirador,-16.1610687,-69.0890371
VII Estación,Mirador,-16.1608333,-69.0892866
VIII Estación,Mirador,-16.1610793,-69.0895902
XI Estación,Mirador,-16.1613798,-69.0901613
XII Estación,Mirador,-16.1616622,-69.0902942
XIII Estación,Mirador,-16.1615414,-69.0904285
IX Estación,Mirador,-16.1611394,-69.0898291
X Estación,Mirador,-16.1613594,-69.0899054
Uros TITIKAKA the best lodge,Hotel,-15.8141034,-69.9725784
